method,set,parameter,d,n,m,repeats,time_mean_sec,time_std_sec
single_kernel_truncate_pivotal,Set1,"(0.05, 0.5)",50,100,100,1,0.001698534000752261,0.0
single_kernel_truncate_pivotal,Set1,"(0.05, 0.5)",100,100,100,1,0.0014563260001523304,0.0
single_kernel_truncate_pivotal,Set1,"(0.05, 0.5)",500,100,100,1,0.003811087000030966,0.0
single_kernel_truncate_pivotal,Set1,"(0.05, 0.5)",1000,100,100,1,0.006963773999814293,0.0
single_kernel_truncate_pivotal,Set1,"(0.1, 1.3)",50,100,100,1,0.001173253000160912,0.0
single_kernel_truncate_pivotal,Set1,"(0.1, 1.3)",100,100,100,1,0.0013670079997609719,0.0
single_kernel_truncate_pivotal,Set1,"(0.1, 1.3)",500,100,100,1,0.003763247999813757,0.0
single_kernel_truncate_pivotal,Set1,"(0.1, 1.3)",1000,100,100,1,0.00672583499999746,0.0
single_kernel_truncate_pivotal,Set1,"(-0.05, 0.6)",50,100,100,1,0.0011434670004746295,0.0
single_kernel_truncate_pivotal,Set1,"(-0.05, 0.6)",100,100,100,1,0.0014029350004420849,0.0
single_kernel_truncate_pivotal,Set1,"(-0.05, 0.6)",500,100,100,1,0.003870460000143794,0.0
single_kernel_truncate_pivotal,Set1,"(-0.05, 0.6)",1000,100,100,1,0.006797830000323302,0.0
single_kernel_truncate_pivotal,Set2,3,50,100,100,1,0.001165608000519569,0.0
single_kernel_truncate_pivotal,Set2,3,100,100,100,1,0.0013846519996150164,0.0
single_kernel_truncate_pivotal,Set2,3,500,100,100,1,0.003764709999813931,0.0
single_kernel_truncate_pivotal,Set2,3,1000,100,100,1,0.00661016699996253,0.0
single_kernel_truncate_pivotal,Set2,5,50,100,100,1,0.0011354010002833093,0.0
single_kernel_truncate_pivotal,Set2,5,100,100,100,1,0.0013828479995936505,0.0
single_kernel_truncate_pivotal,Set2,5,500,100,100,1,0.0037745179997727973,0.0
single_kernel_truncate_pivotal,Set2,5,1000,100,100,1,0.00670065699978295,0.0
single_kernel_truncate_pivotal,Set2,10,50,100,100,1,0.0011715989994627307,0.0
single_kernel_truncate_pivotal,Set2,10,100,100,100,1,0.001384942000186129,0.0
single_kernel_truncate_pivotal,Set2,10,500,100,100,1,0.003738389999853098,0.0
single_kernel_truncate_pivotal,Set2,10,1000,100,100,1,0.00669679000020551,0.0
single_kernel_truncate_pivotal,Set3,"(-0.05, 0.85)",50,100,100,1,0.0011644959995464887,0.0
single_kernel_truncate_pivotal,Set3,"(-0.05, 0.85)",100,100,100,1,0.0013715069999307161,0.0
single_kernel_truncate_pivotal,Set3,"(-0.05, 0.85)",500,100,100,1,0.003853698000057193,0.0
single_kernel_truncate_pivotal,Set3,"(-0.05, 0.85)",1000,100,100,1,0.007502389999899606,0.0
single_kernel_truncate_pivotal,Set3,"(0.0, 1.1)",50,100,100,1,0.001168734999737353,0.0
single_kernel_truncate_pivotal,Set3,"(0.0, 1.1)",100,100,100,1,0.0014170330005072174,0.0
single_kernel_truncate_pivotal,Set3,"(0.0, 1.1)",500,100,100,1,0.003830904999631457,0.0
single_kernel_truncate_pivotal,Set3,"(0.0, 1.1)",1000,100,100,1,0.00732170799983578,0.0
single_kernel_truncate_pivotal,Set3,"(0.05, 1.05)",50,100,100,1,0.0012628020003830898,0.0
single_kernel_truncate_pivotal,Set3,"(0.05, 1.05)",100,100,100,1,0.0014667060004285304,0.0
single_kernel_truncate_pivotal,Set3,"(0.05, 1.05)",500,100,100,1,0.003823972000645881,0.0
single_kernel_truncate_pivotal,Set3,"(0.05, 1.05)",1000,100,100,1,0.0072960400002557435,0.0
learn_multipicity_pivotal,Set1,"(0.05, 0.5)",50,200,200,1,0.0070747529998698155,0.0
learn_multipicity_pivotal,Set1,"(0.05, 0.5)",100,200,200,1,0.005866393999895081,0.0
learn_multipicity_pivotal,Set1,"(0.05, 0.5)",500,200,200,1,0.01369607999913569,0.0
learn_multipicity_pivotal,Set1,"(0.05, 0.5)",1000,200,200,1,0.02289319500050624,0.0
learn_multipicity_pivotal,Set1,"(0.1, 1.3)",50,200,200,1,0.006076098999983515,0.0
learn_multipicity_pivotal,Set1,"(0.1, 1.3)",100,200,200,1,0.006897608000144828,0.0
learn_multipicity_pivotal,Set1,"(0.1, 1.3)",500,200,200,1,0.012806642999748874,0.0
learn_multipicity_pivotal,Set1,"(0.1, 1.3)",1000,200,200,1,0.02182775599976594,0.0
learn_multipicity_pivotal,Set1,"(-0.05, 0.6)",50,200,200,1,0.0056953809998958604,0.0
learn_multipicity_pivotal,Set1,"(-0.05, 0.6)",100,200,200,1,0.005694469999980356,0.0
learn_multipicity_pivotal,Set1,"(-0.05, 0.6)",500,200,200,1,0.013105426000038278,0.0
learn_multipicity_pivotal,Set1,"(-0.05, 0.6)",1000,200,200,1,0.022003917999427358,0.0
learn_multipicity_pivotal,Set2,3,50,200,200,1,0.00550072399983037,0.0
learn_multipicity_pivotal,Set2,3,100,200,200,1,0.005380277000767819,0.0
learn_multipicity_pivotal,Set2,3,500,200,200,1,0.013236573000540375,0.0
learn_multipicity_pivotal,Set2,3,1000,200,200,1,0.021924278000369668,0.0
learn_multipicity_pivotal,Set2,5,50,200,200,1,0.004532247000497591,0.0
learn_multipicity_pivotal,Set2,5,100,200,200,1,0.005487037999955646,0.0
learn_multipicity_pivotal,Set2,5,500,200,200,1,0.013069248000647349,0.0
learn_multipicity_pivotal,Set2,5,1000,200,200,1,0.02188038599979336,0.0
learn_multipicity_pivotal,Set2,10,50,200,200,1,0.005546180000237655,0.0
learn_multipicity_pivotal,Set2,10,100,200,200,1,0.00571528899945406,0.0
learn_multipicity_pivotal,Set2,10,500,200,200,1,0.012984477999452793,0.0
learn_multipicity_pivotal,Set2,10,1000,200,200,1,0.02181160500003898,0.0
learn_multipicity_pivotal,Set3,"(-0.05, 0.85)",50,200,200,1,0.00416810099977738,0.0
learn_multipicity_pivotal,Set3,"(-0.05, 0.85)",100,200,200,1,0.00585113499982981,0.0
learn_multipicity_pivotal,Set3,"(-0.05, 0.85)",500,200,200,1,0.013130012000146962,0.0
learn_multipicity_pivotal,Set3,"(-0.05, 0.85)",1000,200,200,1,0.023358493000159797,0.0
learn_multipicity_pivotal,Set3,"(0.0, 1.1)",50,200,200,1,0.0045654400000785245,0.0
learn_multipicity_pivotal,Set3,"(0.0, 1.1)",100,200,200,1,0.005491326000083063,0.0
learn_multipicity_pivotal,Set3,"(0.0, 1.1)",500,200,200,1,0.012991411000257358,0.0
learn_multipicity_pivotal,Set3,"(0.0, 1.1)",1000,200,200,1,0.023325329999352107,0.0
learn_multipicity_pivotal,Set3,"(0.05, 1.05)",50,200,200,1,0.004531877000772511,0.0
learn_multipicity_pivotal,Set3,"(0.05, 1.05)",100,200,200,1,0.005126417999235855,0.0
learn_multipicity_pivotal,Set3,"(0.05, 1.05)",500,200,200,1,0.013533363000533427,0.0
learn_multipicity_pivotal,Set3,"(0.05, 1.05)",1000,200,200,1,0.023366237000118417,0.0
mmd_oracle,Set1,"(0.05, 0.5)",50,200,200,1,0.05468173699955514,0.0
mmd_oracle,Set1,"(0.05, 0.5)",100,200,200,1,0.05770348600071884,0.0
mmd_oracle,Set1,"(0.05, 0.5)",500,200,200,1,0.12494670300020516,0.0
mmd_oracle,Set1,"(0.05, 0.5)",1000,200,200,1,0.21082215999922482,0.0
mmd_oracle,Set1,"(0.1, 1.3)",50,200,200,1,0.05144907000067178,0.0
mmd_oracle,Set1,"(0.1, 1.3)",100,200,200,1,0.0569410579992109,0.0
mmd_oracle,Set1,"(0.1, 1.3)",500,200,200,1,0.1270850459995927,0.0
mmd_oracle,Set1,"(0.1, 1.3)",1000,200,200,1,0.20116194100046414,0.0
mmd_oracle,Set1,"(-0.05, 0.6)",50,200,200,1,0.06308237000030203,0.0
mmd_oracle,Set1,"(-0.05, 0.6)",100,200,200,1,0.05797600000005332,0.0
mmd_oracle,Set1,"(-0.05, 0.6)",500,200,200,1,0.12199272200086853,0.0
mmd_oracle,Set1,"(-0.05, 0.6)",1000,200,200,1,0.2067820700003722,0.0
mmd_oracle,Set2,3,50,200,200,1,0.05270537999967928,0.0
mmd_oracle,Set2,3,100,200,200,1,0.07097378199978266,0.0
mmd_oracle,Set2,3,500,200,200,1,0.13349744900006044,0.0
mmd_oracle,Set2,3,1000,200,200,1,0.20507215599991468,0.0
mmd_oracle,Set2,5,50,200,200,1,0.05414371200004098,0.0
mmd_oracle,Set2,5,100,200,200,1,0.05675397499999235,0.0
mmd_oracle,Set2,5,500,200,200,1,0.12534081700050592,0.0
mmd_oracle,Set2,5,1000,200,200,1,0.195794518999719,0.0
mmd_oracle,Set2,10,50,200,200,1,0.06130365599983634,0.0
mmd_oracle,Set2,10,100,200,200,1,0.05846807800025999,0.0
mmd_oracle,Set2,10,500,200,200,1,0.12037404900002002,0.0
mmd_oracle,Set2,10,1000,200,200,1,0.20578338700033783,0.0
mmd_oracle,Set3,"(-0.05, 0.85)",50,200,200,1,0.06370357200012222,0.0
mmd_oracle,Set3,"(-0.05, 0.85)",100,200,200,1,0.05854730699957145,0.0
mmd_oracle,Set3,"(-0.05, 0.85)",500,200,200,1,0.12436053800047375,0.0
mmd_oracle,Set3,"(-0.05, 0.85)",1000,200,200,1,0.20580686099947343,0.0
mmd_oracle,Set3,"(0.0, 1.1)",50,200,200,1,0.062182422999285336,0.0
mmd_oracle,Set3,"(0.0, 1.1)",100,200,200,1,0.06952283599912334,0.0
mmd_oracle,Set3,"(0.0, 1.1)",500,200,200,1,0.12679388700053096,0.0
mmd_oracle,Set3,"(0.0, 1.1)",1000,200,200,1,0.2011616910003795,0.0
mmd_oracle,Set3,"(0.05, 1.05)",50,200,200,1,0.06284624399995664,0.0
mmd_oracle,Set3,"(0.05, 1.05)",100,200,200,1,0.07136574299966014,0.0
mmd_oracle,Set3,"(0.05, 1.05)",500,200,200,1,0.1277510820000316,0.0
mmd_oracle,Set3,"(0.05, 1.05)",1000,200,200,1,0.2057251369997175,0.0
mmd_permu,Set1,"(0.05, 0.5)",50,100,100,1,0.042237106999891694,0.0
mmd_permu,Set1,"(0.05, 0.5)",100,100,100,1,0.04197834899969166,0.0
mmd_permu,Set1,"(0.05, 0.5)",500,100,100,1,0.04476946299928386,0.0
mmd_permu,Set1,"(0.05, 0.5)",1000,100,100,1,0.04857148300015979,0.0
mmd_permu,Set1,"(0.1, 1.3)",50,100,100,1,0.04172618400025385,0.0
mmd_permu,Set1,"(0.1, 1.3)",100,100,100,1,0.04193699099960213,0.0
mmd_permu,Set1,"(0.1, 1.3)",500,100,100,1,0.04483105899998918,0.0
mmd_permu,Set1,"(0.1, 1.3)",1000,100,100,1,0.048283740999977454,0.0
mmd_permu,Set1,"(-0.05, 0.6)",50,100,100,1,0.04177374300070369,0.0
mmd_permu,Set1,"(-0.05, 0.6)",100,100,100,1,0.04193655999915791,0.0
mmd_permu,Set1,"(-0.05, 0.6)",500,100,100,1,0.04479271600030188,0.0
mmd_permu,Set1,"(-0.05, 0.6)",1000,100,100,1,0.048461145000146644,0.0
mmd_permu,Set2,3,50,100,100,1,0.04178710899941507,0.0
mmd_permu,Set2,3,100,100,100,1,0.04228206200059503,0.0
mmd_permu,Set2,3,500,100,100,1,0.04493500500029768,0.0
mmd_permu,Set2,3,1000,100,100,1,0.04883658299968374,0.0
mmd_permu,Set2,5,50,100,100,1,0.04163873800007423,0.0
mmd_permu,Set2,5,100,100,100,1,0.04199649399924965,0.0
mmd_permu,Set2,5,500,100,100,1,0.044908734999808075,0.0
mmd_permu,Set2,5,1000,100,100,1,0.048789724999551254,0.0
mmd_permu,Set2,10,50,100,100,1,0.04149557900018408,0.0
mmd_permu,Set2,10,100,100,100,1,0.04194667899992055,0.0
mmd_permu,Set2,10,500,100,100,1,0.04481109100015601,0.0
mmd_permu,Set2,10,1000,100,100,1,0.04869609799970931,0.0
mmd_permu,Set3,"(-0.05, 0.85)",50,100,100,1,0.04188496300048428,0.0
mmd_permu,Set3,"(-0.05, 0.85)",100,100,100,1,0.04228428500027803,0.0
mmd_permu,Set3,"(-0.05, 0.85)",500,100,100,1,0.04545796100046573,0.0
mmd_permu,Set3,"(-0.05, 0.85)",1000,100,100,1,0.04958349200023804,0.0
mmd_permu,Set3,"(0.0, 1.1)",50,100,100,1,0.041817105000518495,0.0
mmd_permu,Set3,"(0.0, 1.1)",100,100,100,1,0.042142719000366924,0.0
mmd_permu,Set3,"(0.0, 1.1)",500,100,100,1,0.045217708000564016,0.0
mmd_permu,Set3,"(0.0, 1.1)",1000,100,100,1,0.04943765700045333,0.0
mmd_permu,Set3,"(0.05, 1.05)",50,100,100,1,0.04183671200007666,0.0
mmd_permu,Set3,"(0.05, 1.05)",100,100,100,1,0.0421233619999839,0.0
mmd_permu,Set3,"(0.05, 1.05)",500,100,100,1,0.04521389099954831,0.0
mmd_permu,Set3,"(0.05, 1.05)",1000,100,100,1,0.0499060610000015,0.0
BMMD,Set1,"(0.05, 0.5)",50,100,100,1,0.0006776679992981371,0.0
BMMD,Set1,"(0.05, 0.5)",100,100,100,1,0.000719998000022315,0.0
BMMD,Set1,"(0.05, 0.5)",500,100,100,1,0.0021948290004729643,0.0
BMMD,Set1,"(0.05, 0.5)",1000,100,100,1,0.004005123999377247,0.0
BMMD,Set1,"(0.1, 1.3)",50,100,100,1,0.0005054330003986252,0.0
BMMD,Set1,"(0.1, 1.3)",100,100,100,1,0.000668550999762374,0.0
BMMD,Set1,"(0.1, 1.3)",500,100,100,1,0.0020395760002429597,0.0
BMMD,Set1,"(0.1, 1.3)",1000,100,100,1,0.0037770330000057584,0.0
BMMD,Set1,"(-0.05, 0.6)",50,100,100,1,0.0004907649999950081,0.0
BMMD,Set1,"(-0.05, 0.6)",100,100,100,1,0.0006230150002011214,0.0
BMMD,Set1,"(-0.05, 0.6)",500,100,100,1,0.002051970000138681,0.0
BMMD,Set1,"(-0.05, 0.6)",1000,100,100,1,0.0037350840002545738,0.0
BMMD,Set2,3,50,100,100,1,0.0004751859996758867,0.0
BMMD,Set2,3,100,100,100,1,0.0006532319994221325,0.0
BMMD,Set2,3,500,100,100,1,0.002010582000366412,0.0
BMMD,Set2,3,1000,100,100,1,0.0037559439997494337,0.0
BMMD,Set2,5,50,100,100,1,0.0004547769995042472,0.0
BMMD,Set2,5,100,100,100,1,0.0006634909996137139,0.0
BMMD,Set2,5,500,100,100,1,0.002028656000220508,0.0
BMMD,Set2,5,1000,100,100,1,0.0038016700000298442,0.0
BMMD,Set2,10,50,100,100,1,0.0004979490004188847,0.0
BMMD,Set2,10,100,100,100,1,0.0006494250001196633,0.0
BMMD,Set2,10,500,100,100,1,0.002030339000157255,0.0
BMMD,Set2,10,1000,100,100,1,0.0037863809993723407,0.0
BMMD,Set3,"(-0.05, 0.85)",50,100,100,1,0.0004986409994671703,0.0
BMMD,Set3,"(-0.05, 0.85)",100,100,100,1,0.0006572390002475004,0.0
BMMD,Set3,"(-0.05, 0.85)",500,100,100,1,0.002155895999749191,0.0
BMMD,Set3,"(-0.05, 0.85)",1000,100,100,1,0.004100312999980815,0.0
BMMD,Set3,"(0.0, 1.1)",50,100,100,1,0.0005764879997514072,0.0
BMMD,Set3,"(0.0, 1.1)",100,100,100,1,0.0006904120000399416,0.0
BMMD,Set3,"(0.0, 1.1)",500,100,100,1,0.0021605450001516147,0.0
BMMD,Set3,"(0.0, 1.1)",1000,100,100,1,0.0041961239994634525,0.0
BMMD,Set3,"(0.05, 1.05)",50,100,100,1,0.0005888010000489885,0.0
BMMD,Set3,"(0.05, 1.05)",100,100,100,1,0.0007029660000625881,0.0
BMMD,Set3,"(0.05, 1.05)",500,100,100,1,0.002159001999643806,0.0
BMMD,Set3,"(0.05, 1.05)",1000,100,100,1,0.004222905000460742,0.0
MahalanobisMMD,Set1,"(0.05, 0.5)",50,100,100,1,0.0071122729996204725,0.0
MahalanobisMMD,Set1,"(0.05, 0.5)",100,100,100,1,0.008538523000424902,0.0
MahalanobisMMD,Set1,"(0.05, 0.5)",500,100,100,1,0.02276903200072411,0.0
MahalanobisMMD,Set1,"(0.05, 0.5)",1000,100,100,1,0.040226655999504146,0.0
MahalanobisMMD,Set1,"(0.1, 1.3)",50,100,100,1,0.006924288999471173,0.0
MahalanobisMMD,Set1,"(0.1, 1.3)",100,100,100,1,0.008543713000108255,0.0
MahalanobisMMD,Set1,"(0.1, 1.3)",500,100,100,1,0.022603789999266155,0.0
MahalanobisMMD,Set1,"(0.1, 1.3)",1000,100,100,1,0.03992280200054665,0.0
MahalanobisMMD,Set1,"(-0.05, 0.6)",50,100,100,1,0.006833207000454422,0.0
MahalanobisMMD,Set1,"(-0.05, 0.6)",100,100,100,1,0.008518825999999535,0.0
MahalanobisMMD,Set1,"(-0.05, 0.6)",500,100,100,1,0.022503279999909864,0.0
MahalanobisMMD,Set1,"(-0.05, 0.6)",1000,100,100,1,0.03988121400016098,0.0
MahalanobisMMD,Set2,3,50,100,100,1,0.006983651000155078,0.0
MahalanobisMMD,Set2,3,100,100,100,1,0.00859693399979733,0.0
MahalanobisMMD,Set2,3,500,100,100,1,0.022444689999247203,0.0
MahalanobisMMD,Set2,3,1000,100,100,1,0.03972286499993061,0.0
MahalanobisMMD,Set2,5,50,100,100,1,0.006948284000827698,0.0
MahalanobisMMD,Set2,5,100,100,100,1,0.008629154000118433,0.0
MahalanobisMMD,Set2,5,500,100,100,1,0.02253517000008287,0.0
MahalanobisMMD,Set2,5,1000,100,100,1,0.03984943400064367,0.0
MahalanobisMMD,Set2,10,50,100,100,1,0.00693947699983255,0.0
MahalanobisMMD,Set2,10,100,100,100,1,0.008609427000010328,0.0
MahalanobisMMD,Set2,10,500,100,100,1,0.022504681999635068,0.0
MahalanobisMMD,Set2,10,1000,100,100,1,0.03980207499989774,0.0
MahalanobisMMD,Set3,"(-0.05, 0.85)",50,100,100,1,0.006922755999767105,0.0
MahalanobisMMD,Set3,"(-0.05, 0.85)",100,100,100,1,0.008618144000138273,0.0
MahalanobisMMD,Set3,"(-0.05, 0.85)",500,100,100,1,0.022624077999353176,0.0
MahalanobisMMD,Set3,"(-0.05, 0.85)",1000,100,100,1,0.04053686000042944,0.0
MahalanobisMMD,Set3,"(0.0, 1.1)",50,100,100,1,0.007021772000371129,0.0
MahalanobisMMD,Set3,"(0.0, 1.1)",100,100,100,1,0.008551877999707358,0.0
MahalanobisMMD,Set3,"(0.0, 1.1)",500,100,100,1,0.022604490999583504,0.0
MahalanobisMMD,Set3,"(0.0, 1.1)",1000,100,100,1,0.04106929499994294,0.0
MahalanobisMMD,Set3,"(0.05, 1.05)",50,100,100,1,0.007726462000391621,0.0
MahalanobisMMD,Set3,"(0.05, 1.05)",100,100,100,1,0.009066970000276342,0.0
MahalanobisMMD,Set3,"(0.05, 1.05)",500,100,100,1,0.023197108999738703,0.0
MahalanobisMMD,Set3,"(0.05, 1.05)",1000,100,100,1,0.040648331000738835,0.0
MartingaleMMD,Set1,"(0.05, 0.5)",50,100,100,1,0.001151491999735299,0.0
MartingaleMMD,Set1,"(0.05, 0.5)",100,100,100,1,0.0014913230006641243,0.0
MartingaleMMD,Set1,"(0.05, 0.5)",500,100,100,1,0.005644395000672375,0.0
MartingaleMMD,Set1,"(0.05, 0.5)",1000,100,100,1,0.010794869000164908,0.0
MartingaleMMD,Set1,"(0.1, 1.3)",50,100,100,1,0.000917710000067018,0.0
MartingaleMMD,Set1,"(0.1, 1.3)",100,100,100,1,0.0014135559995338554,0.0
MartingaleMMD,Set1,"(0.1, 1.3)",500,100,100,1,0.005442263999611896,0.0
MartingaleMMD,Set1,"(0.1, 1.3)",1000,100,100,1,0.010485124999831896,0.0
MartingaleMMD,Set1,"(-0.05, 0.6)",50,100,100,1,0.0007969230000526295,0.0
MartingaleMMD,Set1,"(-0.05, 0.6)",100,100,100,1,0.0014064419992791954,0.0
MartingaleMMD,Set1,"(-0.05, 0.6)",500,100,100,1,0.005468593999466975,0.0
MartingaleMMD,Set1,"(-0.05, 0.6)",1000,100,100,1,0.010590042999865545,0.0
MartingaleMMD,Set2,3,50,100,100,1,0.0008984239993878873,0.0
MartingaleMMD,Set2,3,100,100,100,1,0.0013962630000605714,0.0
MartingaleMMD,Set2,3,500,100,100,1,0.005403371000284096,0.0
MartingaleMMD,Set2,3,1000,100,100,1,0.010528596999392903,0.0
MartingaleMMD,Set2,5,50,100,100,1,0.0009755199998835451,0.0
MartingaleMMD,Set2,5,100,100,100,1,0.0013965130001452053,0.0
MartingaleMMD,Set2,5,500,100,100,1,0.0054385160001402255,0.0
MartingaleMMD,Set2,5,1000,100,100,1,0.010560706999967806,0.0
MartingaleMMD,Set2,10,50,100,100,1,0.0009716120002849493,0.0
MartingaleMMD,Set2,10,100,100,100,1,0.001451347000511305,0.0
MartingaleMMD,Set2,10,500,100,100,1,0.0054758070000389125,0.0
MartingaleMMD,Set2,10,1000,100,100,1,0.01059788699967612,0.0
MartingaleMMD,Set3,"(-0.05, 0.85)",50,100,100,1,0.0009485189993938548,0.0
MartingaleMMD,Set3,"(-0.05, 0.85)",100,100,100,1,0.001397867000378028,0.0
MartingaleMMD,Set3,"(-0.05, 0.85)",500,100,100,1,0.005453886000395869,0.0
MartingaleMMD,Set3,"(-0.05, 0.85)",1000,100,100,1,0.01102096500017069,0.0
MartingaleMMD,Set3,"(0.0, 1.1)",50,100,100,1,0.0010307439997632173,0.0
MartingaleMMD,Set3,"(0.0, 1.1)",100,100,100,1,0.0014360079994730768,0.0
MartingaleMMD,Set3,"(0.0, 1.1)",500,100,100,1,0.005581407000136096,0.0
MartingaleMMD,Set3,"(0.0, 1.1)",1000,100,100,1,0.011051952999878267,0.0
MartingaleMMD,Set3,"(0.05, 1.05)",50,100,100,1,0.0010342499999751453,0.0
MartingaleMMD,Set3,"(0.05, 1.05)",100,100,100,1,0.0014040679998288397,0.0
MartingaleMMD,Set3,"(0.05, 1.05)",500,100,100,1,0.0056834480001271,0.0
MartingaleMMD,Set3,"(0.05, 1.05)",1000,100,100,1,0.011035571999855165,0.0
xMMD,Set1,"(0.05, 0.5)",50,100,100,1,0.0009286410004278878,0.0
xMMD,Set1,"(0.05, 0.5)",100,100,100,1,0.0012097419994461234,0.0
xMMD,Set1,"(0.05, 0.5)",500,100,100,1,0.004239124999912747,0.0
xMMD,Set1,"(0.05, 0.5)",1000,100,100,1,0.008046345000366273,0.0
xMMD,Set1,"(0.1, 1.3)",50,100,100,1,0.0007943579994389438,0.0
xMMD,Set1,"(0.1, 1.3)",100,100,100,1,0.0011044129996662377,0.0
xMMD,Set1,"(0.1, 1.3)",500,100,100,1,0.004097066999747767,0.0
xMMD,Set1,"(0.1, 1.3)",1000,100,100,1,0.007833152999410231,0.0
xMMD,Set1,"(-0.05, 0.6)",50,100,100,1,0.0007448750002367888,0.0
xMMD,Set1,"(-0.05, 0.6)",100,100,100,1,0.0011260440005571581,0.0
xMMD,Set1,"(-0.05, 0.6)",500,100,100,1,0.004055889000483148,0.0
xMMD,Set1,"(-0.05, 0.6)",1000,100,100,1,0.007769052000185184,0.0
xMMD,Set2,3,50,100,100,1,0.000673630999699526,0.0
xMMD,Set2,3,100,100,100,1,0.001098751999961678,0.0
xMMD,Set2,3,500,100,100,1,0.003967571999965003,0.0
xMMD,Set2,3,1000,100,100,1,0.007746530000076746,0.0
xMMD,Set2,5,50,100,100,1,0.0006780690000596223,0.0
xMMD,Set2,5,100,100,100,1,0.0011113259997728164,0.0
xMMD,Set2,5,500,100,100,1,0.003986808999798086,0.0
xMMD,Set2,5,1000,100,100,1,0.007763120999698003,0.0
xMMD,Set2,10,50,100,100,1,0.0007597819994771271,0.0
xMMD,Set2,10,100,100,100,1,0.001107889999730105,0.0
xMMD,Set2,10,500,100,100,1,0.00406027700046252,0.0
xMMD,Set2,10,1000,100,100,1,0.00769600400053605,0.0
xMMD,Set3,"(-0.05, 0.85)",50,100,100,1,0.000778238000748388,0.0
xMMD,Set3,"(-0.05, 0.85)",100,100,100,1,0.0011308020002616104,0.0
xMMD,Set3,"(-0.05, 0.85)",500,100,100,1,0.004070246000082989,0.0
xMMD,Set3,"(-0.05, 0.85)",1000,100,100,1,0.008154158999786887,0.0
xMMD,Set3,"(0.0, 1.1)",50,100,100,1,0.0008155880004778737,0.0
xMMD,Set3,"(0.0, 1.1)",100,100,100,1,0.0010832729994945112,0.0
xMMD,Set3,"(0.0, 1.1)",500,100,100,1,0.004196965000119235,0.0
xMMD,Set3,"(0.0, 1.1)",1000,100,100,1,0.00822299799983739,0.0
xMMD,Set3,"(0.05, 1.05)",50,100,100,1,0.0007604540005559102,0.0
xMMD,Set3,"(0.05, 1.05)",100,100,100,1,0.0012032690001433366,0.0
xMMD,Set3,"(0.05, 1.05)",500,100,100,1,0.0042467490002309205,0.0
xMMD,Set3,"(0.05, 1.05)",1000,100,100,1,0.008193853000193485,0.0
MMDFUSE,Set1,"(0.05, 0.5)",50,100,100,1,0.31241977799982124,0.0
MMDFUSE,Set1,"(0.05, 0.5)",100,100,100,1,0.30951830499998323,0.0
MMDFUSE,Set1,"(0.05, 0.5)",500,100,100,1,0.31606449100036116,0.0
MMDFUSE,Set1,"(0.05, 0.5)",1000,100,100,1,0.32453867299955164,0.0
MMDFUSE,Set1,"(0.1, 1.3)",50,100,100,1,0.30979015799948684,0.0
MMDFUSE,Set1,"(0.1, 1.3)",100,100,100,1,0.3093185489997268,0.0
MMDFUSE,Set1,"(0.1, 1.3)",500,100,100,1,0.31579141700058244,0.0
MMDFUSE,Set1,"(0.1, 1.3)",1000,100,100,1,0.3245596120004848,0.0
MMDFUSE,Set1,"(-0.05, 0.6)",50,100,100,1,0.3100504690000889,0.0
MMDFUSE,Set1,"(-0.05, 0.6)",100,100,100,1,0.309861493000426,0.0
MMDFUSE,Set1,"(-0.05, 0.6)",500,100,100,1,0.31569078599932254,0.0
MMDFUSE,Set1,"(-0.05, 0.6)",1000,100,100,1,0.32446278000043094,0.0
MMDFUSE,Set2,3,50,100,100,1,0.3093220549999387,0.0
MMDFUSE,Set2,3,100,100,100,1,0.3100475640003424,0.0
MMDFUSE,Set2,3,500,100,100,1,0.31562912099980167,0.0
MMDFUSE,Set2,3,1000,100,100,1,0.32425972699911654,0.0
MMDFUSE,Set2,5,50,100,100,1,0.3089533800002755,0.0
MMDFUSE,Set2,5,100,100,100,1,0.3099975689992789,0.0
MMDFUSE,Set2,5,500,100,100,1,0.316020768999806,0.0
MMDFUSE,Set2,5,1000,100,100,1,0.3239706419999493,0.0
MMDFUSE,Set2,10,50,100,100,1,0.30957921000026545,0.0
MMDFUSE,Set2,10,100,100,100,1,0.3102049499993882,0.0
MMDFUSE,Set2,10,500,100,100,1,0.31541450599979726,0.0
MMDFUSE,Set2,10,1000,100,100,1,0.3238805320006577,0.0
MMDFUSE,Set3,"(-0.05, 0.85)",50,100,100,1,0.3091493799993259,0.0
MMDFUSE,Set3,"(-0.05, 0.85)",100,100,100,1,0.30986431800010905,0.0
MMDFUSE,Set3,"(-0.05, 0.85)",500,100,100,1,0.31631989300058194,0.0
MMDFUSE,Set3,"(-0.05, 0.85)",1000,100,100,1,0.32704127300075925,0.0
MMDFUSE,Set3,"(0.0, 1.1)",50,100,100,1,0.3106557300006898,0.0
MMDFUSE,Set3,"(0.0, 1.1)",100,100,100,1,0.3107822699994358,0.0
MMDFUSE,Set3,"(0.0, 1.1)",500,100,100,1,0.31782223699974566,0.0
MMDFUSE,Set3,"(0.0, 1.1)",1000,100,100,1,0.32753320000028907,0.0
MMDFUSE,Set3,"(0.05, 1.05)",50,100,100,1,0.31111034900004597,0.0
MMDFUSE,Set3,"(0.05, 1.05)",100,100,100,1,0.31101011899954756,0.0
MMDFUSE,Set3,"(0.05, 1.05)",500,100,100,1,0.31837552900015,0.0
MMDFUSE,Set3,"(0.05, 1.05)",1000,100,100,1,0.3280539529996531,0.0
MMDAgg,Set1,"(0.05, 0.5)",50,100,100,1,0.2112317820001408,0.0
MMDAgg,Set1,"(0.05, 0.5)",100,100,100,1,0.21173671499946067,0.0
MMDAgg,Set1,"(0.05, 0.5)",500,100,100,1,0.2192553240001871,0.0
MMDAgg,Set1,"(0.05, 0.5)",1000,100,100,1,0.22936125399974117,0.0
MMDAgg,Set1,"(0.1, 1.3)",50,100,100,1,0.21044203299970832,0.0
MMDAgg,Set1,"(0.1, 1.3)",100,100,100,1,0.21155872800045472,0.0
MMDAgg,Set1,"(0.1, 1.3)",500,100,100,1,0.21864624599948002,0.0
MMDAgg,Set1,"(0.1, 1.3)",1000,100,100,1,0.22844964399973833,0.0
MMDAgg,Set1,"(-0.05, 0.6)",50,100,100,1,0.2102640169996448,0.0
MMDAgg,Set1,"(-0.05, 0.6)",100,100,100,1,0.21167608999985532,0.0
MMDAgg,Set1,"(-0.05, 0.6)",500,100,100,1,0.21901855699979933,0.0
MMDAgg,Set1,"(-0.05, 0.6)",1000,100,100,1,0.22890336000000389,0.0
MMDAgg,Set2,3,50,100,100,1,0.2105554760000814,0.0
MMDAgg,Set2,3,100,100,100,1,0.21187124799962476,0.0
MMDAgg,Set2,3,500,100,100,1,0.21855047500048386,0.0
MMDAgg,Set2,3,1000,100,100,1,0.22886520799966092,0.0
MMDAgg,Set2,5,50,100,100,1,0.21059800700004416,0.0
MMDAgg,Set2,5,100,100,100,1,0.21205634699981601,0.0
MMDAgg,Set2,5,500,100,100,1,0.2191226140002982,0.0
MMDAgg,Set2,5,1000,100,100,1,0.2289325049996478,0.0
MMDAgg,Set2,10,50,100,100,1,0.21109284999965894,0.0
MMDAgg,Set2,10,100,100,100,1,0.21200900799976807,0.0
MMDAgg,Set2,10,500,100,100,1,0.2193071620004048,0.0
MMDAgg,Set2,10,1000,100,100,1,0.22890538400042715,0.0
MMDAgg,Set3,"(-0.05, 0.85)",50,100,100,1,0.211007418999543,0.0
MMDAgg,Set3,"(-0.05, 0.85)",100,100,100,1,0.21170266999979503,0.0
MMDAgg,Set3,"(-0.05, 0.85)",500,100,100,1,0.2199870539998301,0.0
MMDAgg,Set3,"(-0.05, 0.85)",1000,100,100,1,0.23115209100069478,0.0
MMDAgg,Set3,"(0.0, 1.1)",50,100,100,1,0.2112706050002089,0.0
MMDAgg,Set3,"(0.0, 1.1)",100,100,100,1,0.21204466499966657,0.0
MMDAgg,Set3,"(0.0, 1.1)",500,100,100,1,0.21982151199972577,0.0
MMDAgg,Set3,"(0.0, 1.1)",1000,100,100,1,0.2315296529995976,0.0
MMDAgg,Set3,"(0.05, 1.05)",50,100,100,1,0.21136629600005108,0.0
MMDAgg,Set3,"(0.05, 1.05)",100,100,100,1,0.21174949900068896,0.0
MMDAgg,Set3,"(0.05, 1.05)",500,100,100,1,0.21959709900056623,0.0
MMDAgg,Set3,"(0.05, 1.05)",1000,100,100,1,0.23175917599928653,0.0
MMDAggInc,Set1,"(0.05, 0.5)",50,100,100,1,0.020637481000449043,0.0
MMDAggInc,Set1,"(0.05, 0.5)",100,100,100,1,0.024364791000152763,0.0
MMDAggInc,Set1,"(0.05, 0.5)",500,100,100,1,0.04652452299978904,0.0
MMDAggInc,Set1,"(0.05, 0.5)",1000,100,100,1,0.0718176249993121,0.0
MMDAggInc,Set1,"(0.1, 1.3)",50,100,100,1,0.019743285000004107,0.0
MMDAggInc,Set1,"(0.1, 1.3)",100,100,100,1,0.020718013000077917,0.0
MMDAggInc,Set1,"(0.1, 1.3)",500,100,100,1,0.03761013100029231,0.0
MMDAggInc,Set1,"(0.1, 1.3)",1000,100,100,1,0.07108685600087483,0.0
MMDAggInc,Set1,"(-0.05, 0.6)",50,100,100,1,0.019663174000015715,0.0
MMDAggInc,Set1,"(-0.05, 0.6)",100,100,100,1,0.02080846399985603,0.0
MMDAggInc,Set1,"(-0.05, 0.6)",500,100,100,1,0.03794172600009915,0.0
MMDAggInc,Set1,"(-0.05, 0.6)",1000,100,100,1,0.07145029099956446,0.0
MMDAggInc,Set2,3,50,100,100,1,0.019802936999440135,0.0
MMDAggInc,Set2,3,100,100,100,1,0.020559464000143635,0.0
MMDAggInc,Set2,3,500,100,100,1,0.03706013400005759,0.0
MMDAggInc,Set2,3,1000,100,100,1,0.07092379900041124,0.0
MMDAggInc,Set2,5,50,100,100,1,0.01956932700068137,0.0
MMDAggInc,Set2,5,100,100,100,1,0.02066006400036713,0.0
MMDAggInc,Set2,5,500,100,100,1,0.03669414400064852,0.0
MMDAggInc,Set2,5,1000,100,100,1,0.07138550900072005,0.0
MMDAggInc,Set2,10,50,100,100,1,0.01974095999958081,0.0
MMDAggInc,Set2,10,100,100,100,1,0.020888223999463662,0.0
MMDAggInc,Set2,10,500,100,100,1,0.03670890099965618,0.0
MMDAggInc,Set2,10,1000,100,100,1,0.07055830900026194,0.0
MMDAggInc,Set3,"(-0.05, 0.85)",50,100,100,1,0.019282586000372248,0.0
MMDAggInc,Set3,"(-0.05, 0.85)",100,100,100,1,0.020422365999365866,0.0
MMDAggInc,Set3,"(-0.05, 0.85)",500,100,100,1,0.036428100999728485,0.0
MMDAggInc,Set3,"(-0.05, 0.85)",1000,100,100,1,0.07123634800063883,0.0
MMDAggInc,Set3,"(0.0, 1.1)",50,100,100,1,0.019172026999513037,0.0
MMDAggInc,Set3,"(0.0, 1.1)",100,100,100,1,0.02040664600008313,0.0
MMDAggInc,Set3,"(0.0, 1.1)",500,100,100,1,0.03696737799964467,0.0
MMDAggInc,Set3,"(0.0, 1.1)",1000,100,100,1,0.07190099199942779,0.0
MMDAggInc,Set3,"(0.05, 1.05)",50,100,100,1,0.019612778000009712,0.0
MMDAggInc,Set3,"(0.05, 1.05)",100,100,100,1,0.02039622599932045,0.0
MMDAggInc,Set3,"(0.05, 1.05)",500,100,100,1,0.036840520000623656,0.0
MMDAggInc,Set3,"(0.05, 1.05)",1000,100,100,1,0.07149675900018337,0.0
spectrum_mmd,Set1,"(0.05, 0.5)",50,100,100,1,0.00921835499957524,0.0
spectrum_mmd,Set1,"(0.05, 0.5)",100,100,100,1,0.009597700999620429,0.0
spectrum_mmd,Set1,"(0.05, 0.5)",500,100,100,1,0.013204072999542404,0.0
spectrum_mmd,Set1,"(0.05, 0.5)",1000,100,100,1,0.01735614299923327,0.0
spectrum_mmd,Set1,"(0.1, 1.3)",50,100,100,1,0.008903091000320273,0.0
spectrum_mmd,Set1,"(0.1, 1.3)",100,100,100,1,0.009379479000017454,0.0
spectrum_mmd,Set1,"(0.1, 1.3)",500,100,100,1,0.012930276000588492,0.0
spectrum_mmd,Set1,"(0.1, 1.3)",1000,100,100,1,0.017261314000279526,0.0
spectrum_mmd,Set1,"(-0.05, 0.6)",50,100,100,1,0.008801177999885113,0.0
spectrum_mmd,Set1,"(-0.05, 0.6)",100,100,100,1,0.009417159999429714,0.0
spectrum_mmd,Set1,"(-0.05, 0.6)",500,100,100,1,0.012886042999525671,0.0
spectrum_mmd,Set1,"(-0.05, 0.6)",1000,100,100,1,0.017361614000037662,0.0
spectrum_mmd,Set2,3,50,100,100,1,0.008854448999954911,0.0
spectrum_mmd,Set2,3,100,100,100,1,0.00927931099977286,0.0
spectrum_mmd,Set2,3,500,100,100,1,0.01268627599984029,0.0
spectrum_mmd,Set2,3,1000,100,100,1,0.017266092999307148,0.0
spectrum_mmd,Set2,5,50,100,100,1,0.008753016999435204,0.0
spectrum_mmd,Set2,5,100,100,100,1,0.009349522999400506,0.0
spectrum_mmd,Set2,5,500,100,100,1,0.012991180000426539,0.0
spectrum_mmd,Set2,5,1000,100,100,1,0.017258830000173475,0.0
spectrum_mmd,Set2,10,50,100,100,1,0.0088028319996738,0.0
spectrum_mmd,Set2,10,100,100,100,1,0.009259301999918534,0.0
spectrum_mmd,Set2,10,500,100,100,1,0.01281538900002488,0.0
spectrum_mmd,Set2,10,1000,100,100,1,0.017386940999131184,0.0
spectrum_mmd,Set3,"(-0.05, 0.85)",50,100,100,1,0.008798013000159699,0.0
spectrum_mmd,Set3,"(-0.05, 0.85)",100,100,100,1,0.009347389000140538,0.0
spectrum_mmd,Set3,"(-0.05, 0.85)",500,100,100,1,0.013120675000209303,0.0
spectrum_mmd,Set3,"(-0.05, 0.85)",1000,100,100,1,0.01775558600002114,0.0
spectrum_mmd,Set3,"(0.0, 1.1)",50,100,100,1,0.008941564000451763,0.0
spectrum_mmd,Set3,"(0.0, 1.1)",100,100,100,1,0.009322242000052938,0.0
spectrum_mmd,Set3,"(0.0, 1.1)",500,100,100,1,0.012866475000009814,0.0
spectrum_mmd,Set3,"(0.0, 1.1)",1000,100,100,1,0.017558193999320792,0.0
spectrum_mmd,Set3,"(0.05, 1.05)",50,100,100,1,0.00894300599975395,0.0
spectrum_mmd,Set3,"(0.05, 1.05)",100,100,100,1,0.009327251000286196,0.0
spectrum_mmd,Set3,"(0.05, 1.05)",500,100,100,1,0.012999186000342888,0.0
spectrum_mmd,Set3,"(0.05, 1.05)",1000,100,100,1,0.017834203999882448,0.0
SpectralReguMMD,Set1,"(0.05, 0.5)",50,100,100,1,2.418157498000255,0.0
SpectralReguMMD,Set1,"(0.05, 0.5)",100,100,100,1,2.433276272000512,0.0
SpectralReguMMD,Set1,"(0.05, 0.5)",500,100,100,1,2.521929866999926,0.0
SpectralReguMMD,Set1,"(0.05, 0.5)",1000,100,100,1,2.6474786539993147,0.0
SpectralReguMMD,Set1,"(0.1, 1.3)",50,100,100,1,2.422796855999877,0.0
SpectralReguMMD,Set1,"(0.1, 1.3)",100,100,100,1,2.438218250000318,0.0
SpectralReguMMD,Set1,"(0.1, 1.3)",500,100,100,1,2.522692334000567,0.0
SpectralReguMMD,Set1,"(0.1, 1.3)",1000,100,100,1,2.6422636590004913,0.0
SpectralReguMMD,Set1,"(-0.05, 0.6)",50,100,100,1,2.426009444000556,0.0
SpectralReguMMD,Set1,"(-0.05, 0.6)",100,100,100,1,2.429836382000758,0.0
SpectralReguMMD,Set1,"(-0.05, 0.6)",500,100,100,1,2.5210191870000926,0.0
SpectralReguMMD,Set1,"(-0.05, 0.6)",1000,100,100,1,2.6625293670003884,0.0
SpectralReguMMD,Set2,3,50,100,100,1,2.421108400000776,0.0
SpectralReguMMD,Set2,3,100,100,100,1,2.431103601000359,0.0
SpectralReguMMD,Set2,3,500,100,100,1,2.5193980480007667,0.0
SpectralReguMMD,Set2,3,1000,100,100,1,2.648167891000412,0.0
SpectralReguMMD,Set2,5,50,100,100,1,2.4206411779996415,0.0
SpectralReguMMD,Set2,5,100,100,100,1,2.4300658920001297,0.0
SpectralReguMMD,Set2,5,500,100,100,1,2.521154629999728,0.0
SpectralReguMMD,Set2,5,1000,100,100,1,2.6454930550007703,0.0
SpectralReguMMD,Set2,10,50,100,100,1,2.4287954450001052,0.0
SpectralReguMMD,Set2,10,100,100,100,1,2.4362951690000045,0.0
SpectralReguMMD,Set2,10,500,100,100,1,2.525098086000071,0.0
SpectralReguMMD,Set2,10,1000,100,100,1,2.6579580130000977,0.0
SpectralReguMMD,Set3,"(-0.05, 0.85)",50,100,100,1,2.4317693540006076,0.0
SpectralReguMMD,Set3,"(-0.05, 0.85)",100,100,100,1,2.442607964000672,0.0
SpectralReguMMD,Set3,"(-0.05, 0.85)",500,100,100,1,2.535578150999754,0.0
SpectralReguMMD,Set3,"(-0.05, 0.85)",1000,100,100,1,2.6634496389997366,0.0
SpectralReguMMD,Set3,"(0.0, 1.1)",50,100,100,1,2.442095265999342,0.0
SpectralReguMMD,Set3,"(0.0, 1.1)",100,100,100,1,2.4465215629998056,0.0
SpectralReguMMD,Set3,"(0.0, 1.1)",500,100,100,1,2.54594739499953,0.0
SpectralReguMMD,Set3,"(0.0, 1.1)",1000,100,100,1,2.6633105150003757,0.0
SpectralReguMMD,Set3,"(0.05, 1.05)",50,100,100,1,2.4351424430005864,0.0
SpectralReguMMD,Set3,"(0.05, 1.05)",100,100,100,1,2.4467513459994734,0.0
SpectralReguMMD,Set3,"(0.05, 1.05)",500,100,100,1,2.5390705149993664,0.0
SpectralReguMMD,Set3,"(0.05, 1.05)",1000,100,100,1,2.6588416860004145,0.0
LinearTimeMMD,Set1,"(0.05, 0.5)",50,100,100,1,0.0008342230003108853,0.0
LinearTimeMMD,Set1,"(0.05, 0.5)",100,100,100,1,0.0010039940007118275,0.0
LinearTimeMMD,Set1,"(0.05, 0.5)",500,100,100,1,0.003284323999650951,0.0
LinearTimeMMD,Set1,"(0.05, 0.5)",1000,100,100,1,0.006329607999759901,0.0
LinearTimeMMD,Set1,"(0.1, 1.3)",50,100,100,1,0.0006396870003300137,0.0
LinearTimeMMD,Set1,"(0.1, 1.3)",100,100,100,1,0.0009387700001752819,0.0
LinearTimeMMD,Set1,"(0.1, 1.3)",500,100,100,1,0.003396576000341156,0.0
LinearTimeMMD,Set1,"(0.1, 1.3)",1000,100,100,1,0.0063742410002305405,0.0
LinearTimeMMD,Set1,"(-0.05, 0.6)",50,100,100,1,0.0006851419993836316,0.0
LinearTimeMMD,Set1,"(-0.05, 0.6)",100,100,100,1,0.0008628770001450903,0.0
LinearTimeMMD,Set1,"(-0.05, 0.6)",500,100,100,1,0.0033893820000230335,0.0
LinearTimeMMD,Set1,"(-0.05, 0.6)",1000,100,100,1,0.006371196000145574,0.0
LinearTimeMMD,Set2,3,50,100,100,1,0.0006182360002640053,0.0
LinearTimeMMD,Set2,3,100,100,100,1,0.0009804689998418326,0.0
LinearTimeMMD,Set2,3,500,100,100,1,0.00331270799961203,0.0
LinearTimeMMD,Set2,3,1000,100,100,1,0.006297124999946391,0.0
LinearTimeMMD,Set2,5,50,100,100,1,0.0006954720001886017,0.0
LinearTimeMMD,Set2,5,100,100,100,1,0.0009843669995461823,0.0
LinearTimeMMD,Set2,5,500,100,100,1,0.003381438000360504,0.0
LinearTimeMMD,Set2,5,1000,100,100,1,0.007073100000525301,0.0
LinearTimeMMD,Set2,10,50,100,100,1,0.0008507639995514182,0.0
LinearTimeMMD,Set2,10,100,100,100,1,0.0012267539996173582,0.0
LinearTimeMMD,Set2,10,500,100,100,1,0.004140329000620113,0.0
LinearTimeMMD,Set2,10,1000,100,100,1,0.006448029999774008,0.0
LinearTimeMMD,Set3,"(-0.05, 0.85)",50,100,100,1,0.0006363900001815637,0.0
LinearTimeMMD,Set3,"(-0.05, 0.85)",100,100,100,1,0.0009533180000289576,0.0
LinearTimeMMD,Set3,"(-0.05, 0.85)",500,100,100,1,0.0034329740001339815,0.0
LinearTimeMMD,Set3,"(-0.05, 0.85)",1000,100,100,1,0.006756834000043455,0.0
LinearTimeMMD,Set3,"(0.0, 1.1)",50,100,100,1,0.0007553450004706974,0.0
LinearTimeMMD,Set3,"(0.0, 1.1)",100,100,100,1,0.0009963189995687571,0.0
LinearTimeMMD,Set3,"(0.0, 1.1)",500,100,100,1,0.0033686130000205594,0.0
LinearTimeMMD,Set3,"(0.0, 1.1)",1000,100,100,1,0.006674336999822117,0.0
LinearTimeMMD,Set3,"(0.05, 1.05)",50,100,100,1,0.0007358480006587342,0.0
LinearTimeMMD,Set3,"(0.05, 1.05)",100,100,100,1,0.0009884640003292589,0.0
LinearTimeMMD,Set3,"(0.05, 1.05)",500,100,100,1,0.003500271000120847,0.0
LinearTimeMMD,Set3,"(0.05, 1.05)",1000,100,100,1,0.006738900000527792,0.0
